Order ID,Amount,Profit,Quantity,Category,Sub-Category,PaymentMode
B-25681,744,113,7.0,Electronics,Electronic Games,Cod
B-26055,744,64,9.5,Furniture,Chairs,Emi
B-25955,744,113,8.0,Furniture,Bookcases,Emi
B-26093,744,113,8.0,Electronics,Printers,Credit Card
B-25602,744,113,4.0,Electronics,Phones,Credit Card
B-25881,744,113,4.0,Clothing,Trousers,Credit Card
B-25696,275,-87,4.0,Clothing,Saree,Cod
B-25687,387,-87,5.0,Clothing,Saree,Upi
B-25643,50,-44,2.0,Clothing,Hankerchief,Upi
B-25851,135,-54,5.0,Clothing,Kurti,Cod
B-25703,231,-87,9.0,Clothing,Hankerchief,Cod
B-25887,744,-87,6.0,Electronics,Printers,Emi
B-25923,744,-87,6.0,Electronics,Phones,Credit Card
B-25756,729,-87,5.0,Furniture,Bookcases,Upi
B-25761,744,113,5.0,Furniture,Bookcases,Credit Card
B-25655,6,-3,1.0,Clothing,Hankerchief,Upi
B-25786,744,113,5.0,Furniture,Bookcases,Credit Card
B-26095,6,1,1.0,Clothing,Kurti,Upi
B-25853,744,113,5.0,Furniture,Chairs,Credit Card
B-25735,7,-1,2.0,Clothing,Skirt,Upi
B-25910,744,-87,5.0,Furniture,Tables,Credit Card
B-25950,744,95,5.0,Electronics,Printers,Credit Card
B-25744,373,113,6.0,Electronics,Printers,Upi
B-25845,82,-33,4.0,Clothing,Kurti,Cod
B-26001,8,2,2.0,Clothing,Skirt,Upi
B-25830,744,113,3.0,Electronics,Phones,Credit Card
B-25842,744,113,8.0,Electronics,Printers,Credit Card
B-25778,744,-87,6.0,Electronics,Printers,Credit Card
B-25686,744,-56,6.0,Furniture,Tables,Credit Card
B-25754,9,-1,3.0,Clothing,Skirt,Upi
B-26048,744,113,5.0,Furniture,Tables,Emi
B-25816,391,113,8.0,Clothing,Stole,Cod
B-26022,744,113,8.0,Electronics,Phones,Credit Card
B-25883,16,-15,4.0,Clothing,Hankerchief,Upi
B-26003,744,113,2.0,Furniture,Tables,Credit Card
B-26097,663,-87,5.0,Electronics,Printers,Upi
B-25710,10,-1,1.0,Clothing,Leggings,Upi
B-25797,744,113,5.0,Furniture,Tables,Emi
B-25618,12,0,2.0,Clothing,Hankerchief,Upi
B-25723,12,-7,2.0,Clothing,Leggings,Upi
B-25755,744,113,3.0,Clothing,Trousers,Credit Card
B-25788,12,3,1.0,Clothing,Stole,Upi
B-25681,744,-77,3.0,Electronics,Phones,Emi
B-25991,13,5,2.0,Clothing,Hankerchief,Upi
B-25779,744,113,3.0,Furniture,Tables,Cod
B-25909,744,-87,3.0,Electronics,Phones,Emi
B-25943,744,113,6.0,Electronics,Accessories,Emi
B-25935,744,113,4.0,Furniture,Chairs,Credit Card
B-25613,744,0,9.0,Clothing,Saree,Credit Card
B-25729,744,-87,4.0,Electronics,Phones,Credit Card
B-25772,744,106,4.0,Electronics,Printers,Emi
B-25655,74,-87,8.0,Clothing,Skirt,Upi
B-25640,744,113,9.5,Clothing,Saree,Credit Card
B-25810,744,113,6.0,Clothing,Saree,Emi
B-25801,15,-2,1.0,Clothing,T-Shirt,Debit Card
B-26085,744,113,3.0,Clothing,Trousers,Credit Card
B-25868,744,113,2.0,Furniture,Tables,Credit Card
B-25714,11,-5,2.0,Clothing,Hankerchief,Cod
B-25784,15,4,1.0,Clothing,Hankerchief,Debit Card
B-25608,744,113,5.0,Furniture,Tables,Credit Card
B-26051,744,113,7.0,Electronics,Printers,Credit Card
B-25900,15,2,1.0,Clothing,Leggings,Debit Card
B-25760,322,-87,5.0,Electronics,Printers,Upi
B-25762,744,113,7.0,Electronics,Electronic Games,Credit Card
B-25995,744,113,3.0,Furniture,Bookcases,Credit Card
B-25965,17,7,3.0,Clothing,Hankerchief,Debit Card
B-25967,17,2,2.0,Clothing,Skirt,Debit Card
B-25674,17,-12,5.0,Clothing,Skirt,Debit Card
B-25929,744,113,3.0,Furniture,Bookcases,Credit Card
B-25777,744,-38,4.0,Electronics,Printers,Credit Card
B-26006,744,113,5.0,Electronics,Accessories,Credit Card
B-25697,744,-16,8.0,Electronics,Printers,Credit Card
B-25667,11,-2,4.0,Clothing,Hankerchief,Cod
B-25836,744,65,9.0,Electronics,Printers,Emi
B-25984,304,97,6.0,Clothing,Stole,Upi
B-25728,744,113,4.0,Electronics,Printers,Emi
B-25757,17,-13,4.0,Clothing,Skirt,Debit Card
B-25957,147,73,3.0,Clothing,Stole,Cod
B-26061,744,-68,3.0,Electronics,Printers,Cod
B-25735,12,-2,3.0,Clothing,Hankerchief,Cod
B-25616,14,-2,3.0,Clothing,Hankerchief,Upi
B-25666,744,-87,7.0,Electronics,Electronic Games,Cod
B-25675,744,-87,9.0,Clothing,Saree,Cod
B-26079,18,3,2.0,Clothing,Hankerchief,Debit Card
B-25850,744,113,9.5,Electronics,Phones,Cod
B-25693,76,-72,9.0,Clothing,Hankerchief,Cod
B-25852,744,67,4.0,Furniture,Tables,Cod
B-25860,112,24,3.0,Clothing,Kurti,Cod
B-25853,39,16,6.0,Clothing,Skirt,Upi
B-25898,744,-87,2.0,Furniture,Tables,Cod
B-26100,744,113,2.0,Furniture,Chairs,Cod
B-25653,744,-87,8.0,Electronics,Printers,Emi
B-25839,744,113,7.0,Clothing,Saree,Emi
B-25651,744,-18,7.0,Furniture,Chairs,Cod
B-25957,744,-13,9.0,Furniture,Bookcases,Credit Card
B-25704,126,-63,3.0,Electronics,Accessories,Upi
B-25730,744,-87,3.0,Electronics,Phones,Credit Card
B-26052,744,113,3.0,Electronics,Accessories,Cod
B-25656,24,-1,2.0,Clothing,Hankerchief,Cod
B-26033,744,113,3.0,Electronics,Accessories,Cod
B-25850,93,-1,2.0,Clothing,Hankerchief,Cod
B-25945,744,-36,3.0,Electronics,Electronic Games,Cod
B-26086,744,101,6.0,Electronics,Printers,Cod
B-25752,744,113,9.0,Electronics,Electronic Games,Cod
B-26098,96,-48,5.0,Clothing,Leggings,Upi
B-26067,744,-14,7.0,Electronics,Printers,Emi
B-25730,18,8,2.0,Clothing,Hankerchief,Debit Card
B-25986,744,-87,7.0,Furniture,Furnishings,Cod
B-26067,744,113,6.0,Clothing,Saree,Emi
B-25953,744,113,6.0,Electronics,Printers,Cod
B-25952,14,0,4.0,Clothing,Hankerchief,Upi
B-25903,19,8,2.0,Clothing,Hankerchief,Debit Card
B-25650,512,-87,5.0,Clothing,Saree,Cod
B-25970,742,113,2.0,Furniture,Bookcases,Cod
B-26062,44,-40,3.0,Clothing,Stole,Cod
B-25643,744,-36,8.0,Furniture,Bookcases,Emi
B-25632,19,-2,2.0,Clothing,Leggings,Debit Card
B-25821,17,0,1.0,Clothing,Hankerchief,Cod
B-25878,741,113,5.0,Furniture,Bookcases,Cod
B-25752,735,-87,6.0,Electronics,Printers,Cod
B-25750,19,-1,1.0,Clothing,Shirt,Debit Card
B-25657,744,-48,4.0,Electronics,Electronic Games,Emi
B-25787,556,-87,7.0,Clothing,Saree,Cod
B-25808,63,-17,6.0,Clothing,Leggings,Cod
B-25885,734,113,2.0,Furniture,Chairs,Cod
B-25778,744,113,5.0,Clothing,Saree,Credit Card
B-25759,20,-9,6.0,Clothing,Hankerchief,Debit Card
B-25747,744,113,2.0,Furniture,Bookcases,Credit Card
B-25878,719,113,6.0,Furniture,Chairs,Cod
B-25603,12,1,2.0,Clothing,Hankerchief,Cod
B-25691,714,56,4.0,Clothing,Saree,Cod
B-25607,50,-15,4.0,Clothing,Leggings,Cod
B-25708,709,-87,5.0,Electronics,Phones,Cod
B-26021,21,-12,3.0,Clothing,Hankerchief,Debit Card
B-25831,693,113,6.0,Clothing,Saree,Cod
B-25850,24,1,4.0,Clothing,Hankerchief,Cod
B-25670,24,1,2.0,Clothing,Hankerchief,Upi
B-25852,24,1,2.0,Clothing,Hankerchief,Cod
B-26029,21,10,1.0,Clothing,T-Shirt,Debit Card
B-25959,681,113,4.0,Furniture,Chairs,Cod
B-25676,674,-87,2.0,Furniture,Tables,Cod
B-26097,671,-87,5.0,Electronics,Electronic Games,Cod
B-25888,646,-87,3.0,Electronics,Electronic Games,Cod
B-25911,40,15,1.0,Clothing,Kurti,Cod
B-25662,24,-2,2.0,Clothing,T-Shirt,Cod
B-25950,644,113,2.0,Electronics,Printers,Cod
B-25847,643,113,2.0,Electronics,Printers,Cod
B-25796,632,-87,6.0,Clothing,Saree,Cod
B-25693,632,113,6.0,Clothing,Saree,Cod
B-25993,610,113,3.0,Electronics,Printers,Cod
B-26052,78,-28,6.0,Clothing,Kurti,Upi
B-25930,595,113,4.0,Furniture,Bookcases,Cod
B-25785,595,113,3.0,Clothing,Saree,Cod
B-26093,744,51,5.0,Furniture,Bookcases,Credit Card
B-26053,594,89,3.0,Furniture,Bookcases,Cod
B-26019,585,113,9.5,Clothing,T-Shirt,Cod
B-26070,582,113,5.0,Furniture,Furnishings,Cod
B-25870,744,84,7.0,Clothing,Saree,Credit Card
B-25855,744,19,4.0,Electronics,Printers,Credit Card
B-25602,561,113,3.0,Clothing,Saree,Cod
B-25728,744,-87,2.0,Electronics,Phones,Credit Card
B-25803,744,8,6.0,Clothing,Saree,Emi
B-25996,31,2,2.0,Clothing,Hankerchief,Cod
B-26078,557,-87,2.0,Electronics,Electronic Games,Cod
B-25803,744,113,2.0,Electronics,Printers,Credit Card
B-25682,545,-73,9.5,Electronics,Phones,Cod
B-25749,744,-82,3.0,Furniture,Bookcases,Upi
B-25962,544,-87,3.0,Furniture,Bookcases,Cod
B-25899,22,9,2.0,Clothing,Leggings,Debit Card
B-25845,744,113,2.0,Electronics,Printers,Credit Card
B-25951,742,113,2.0,Furniture,Bookcases,Credit Card
B-25828,537,107,3.0,Clothing,Saree,Cod
B-25803,536,91,1.0,Clothing,Trousers,Cod
B-25656,6,3,1.0,Clothing,Hankerchief,Cod
B-25681,523,113,7.0,Clothing,Trousers,Cod
B-25658,27,9,2.0,Clothing,T-Shirt,Upi
B-25698,516,113,8.0,Furniture,Chairs,Cod
B-25832,504,113,3.0,Furniture,Bookcases,Cod
B-25886,502,84,4.0,Electronics,Phones,Cod
B-25897,734,113,6.0,Electronics,Electronic Games,Credit Card
B-25873,42,12,2.0,Clothing,Kurti,Cod
B-25858,29,11,4.0,Clothing,Skirt,Cod
B-25867,240,12,6.0,Clothing,Kurti,Upi
B-25633,496,-79,2.0,Clothing,Trousers,Cod
B-25609,485,29,4.0,Electronics,Electronic Games,Cod
B-25896,31,-11,3.0,Clothing,Skirt,Upi
B-26000,676,113,3.0,Electronics,Printers,Credit Card
B-25959,23,8,2.0,Clothing,Hankerchief,Debit Card
B-25940,13,3,2.0,Clothing,Hankerchief,Cod
B-26087,180,0,8.0,Clothing,Stole,Cod
B-26055,671,113,9.0,Electronics,Phones,Credit Card
B-25980,22,11,3.0,Clothing,Kurti,Cod
B-25653,668,-31,3.0,Electronics,Printers,Credit Card
B-26052,145,0,3.0,Clothing,Saree,Upi
B-25877,24,8,2.0,Clothing,Skirt,Debit Card
B-25608,476,0,3.0,Furniture,Chairs,Cod
B-25897,24,11,5.0,Clothing,Hankerchief,Debit Card
B-25881,37,3,3.0,Clothing,Hankerchief,Cod
B-25905,152,50,6.0,Clothing,Stole,Upi
B-25818,32,11,2.0,Clothing,Leggings,Upi
B-25835,52,11,5.0,Clothing,Leggings,Cod
B-26081,24,11,3.0,Clothing,Hankerchief,Debit Card
B-25730,473,42,4.0,Furniture,Chairs,Cod
B-25837,263,50,5.0,Clothing,Stole,Cod
B-25893,61,11,3.0,Clothing,Kurti,Cod
B-25689,469,-87,3.0,Electronics,Electronic Games,Cod
B-26028,744,113,2.0,Electronics,Phones,Cod
B-26081,169,0,3.0,Electronics,Accessories,Cod
B-25903,25,11,3.0,Clothing,Leggings,Debit Card
B-25651,457,-41,4.0,Clothing,Saree,Cod
B-25903,455,77,8.0,Electronics,Accessories,Cod
B-26086,25,2,2.0,Clothing,Hankerchief,Debit Card
B-25654,450,-87,3.0,Electronics,Printers,Cod
B-25720,30,-35,1.0,Furniture,Chairs,Cod
B-26057,659,-37,2.0,Furniture,Bookcases,Credit Card
B-25798,448,113,2.0,Electronics,Printers,Cod
B-25961,446,53,3.0,Electronics,Printers,Cod
B-25701,98,-45,2.0,Furniture,Chairs,Upi
B-26055,443,11,1.0,Clothing,Saree,Cod
B-25653,427,-50,7.0,Electronics,Phones,Cod
B-25670,656,-36,2.0,Furniture,Bookcases,Credit Card
B-26056,424,113,2.0,Clothing,Saree,Cod
B-26061,27,8,2.0,Clothing,T-Shirt,Debit Card
B-25602,424,-87,5.0,Electronics,Phones,Cod
B-26016,202,4,4.0,Clothing,Hankerchief,Cod
B-25873,744,113,2.0,Electronics,Phones,Upi
B-25761,418,70,7.0,Electronics,Phones,Cod
B-25819,417,49,3.0,Electronics,Electronic Games,Cod
B-25853,199,48,4.0,Clothing,Stole,Upi
B-25662,385,-77,9.5,Furniture,Furnishings,Upi
B-25993,414,113,3.0,Electronics,Phones,Cod
B-25703,97,-45,4.0,Clothing,Saree,Cod
B-25848,648,50,6.0,Electronics,Electronic Games,Credit Card
B-25678,27,-25,2.0,Clothing,Shirt,Debit Card
B-25925,27,12,1.0,Clothing,Stole,Debit Card
B-25977,27,1,1.0,Clothing,Stole,Upi
B-25797,413,-87,9.0,Furniture,Chairs,Cod
B-26067,53,2,4.0,Clothing,Hankerchief,Cod
B-25810,29,8,5.0,Clothing,Hankerchief,Upi
B-25648,30,13,1.0,Clothing,T-Shirt,Upi
B-25933,412,113,6.0,Clothing,Saree,Cod
B-25942,646,-23,2.0,Electronics,Printers,Credit Card
B-25656,30,-5,5.0,Clothing,Stole,Upi
B-26067,618,27,4.0,Furniture,Bookcases,Credit Card
B-25673,143,-87,5.0,Clothing,Saree,Upi
B-25797,31,1,2.0,Clothing,Hankerchief,Upi
B-26098,409,86,3.0,Clothing,Saree,Cod
B-25656,406,113,2.0,Clothing,Saree,Cod
B-25791,565,66,7.0,Clothing,Saree,Credit Card
B-26053,85,2,6.0,Clothing,Stole,Cod
B-25983,561,113,5.0,Furniture,Bookcases,Credit Card
B-25743,503,-56,2.0,Clothing,Trousers,Cod
B-25867,31,14,3.0,Clothing,Stole,Upi
B-25973,398,111,8.0,Clothing,Hankerchief,Cod
B-25895,388,93,2.0,Furniture,Bookcases,Cod
B-26003,498,-87,4.0,Clothing,Saree,Upi
B-25717,561,113,3.0,Clothing,Saree,Credit Card
B-26064,61,3,4.0,Clothing,Hankerchief,Cod
B-25630,34,-22,4.0,Clothing,T-Shirt,Cod
B-26050,32,6,3.0,Clothing,Shirt,Upi
B-25786,623,-87,3.0,Furniture,Tables,Upi
B-26035,520,113,3.0,Electronics,Phones,Credit Card
B-25693,32,-16,6.0,Clothing,Saree,Upi
B-25703,32,-5,5.0,Clothing,Hankerchief,Upi
B-25966,510,113,6.0,Electronics,Electronic Games,Emi
B-26060,382,68,3.0,Clothing,Saree,Cod
B-25898,33,13,3.0,Clothing,Leggings,Upi
B-25686,381,-13,2.0,Clothing,Saree,Cod
B-26051,490,88,2.0,Electronics,Accessories,Emi
B-25854,381,113,2.0,Clothing,Saree,Cod
B-26050,487,113,4.0,Electronics,Phones,Emi
B-25961,366,84,3.0,Furniture,Bookcases,Cod
B-25701,33,-29,3.0,Clothing,Shirt,Upi
B-25970,365,107,3.0,Electronics,Phones,Cod
B-25933,207,-87,2.0,Clothing,Saree,Upi
B-26081,359,-87,5.0,Furniture,Bookcases,Cod
B-25650,351,-47,8.0,Electronics,Phones,Cod
B-25850,485,113,4.0,Clothing,Saree,Emi
B-25643,37,-23,4.0,Clothing,Shirt,Upi
B-26100,34,10,2.0,Clothing,T-Shirt,Debit Card
B-25964,346,108,3.0,Furniture,Chairs,Cod
B-25676,342,-87,4.0,Electronics,Electronic Games,Cod
B-25628,35,-8,2.0,Furniture,Furnishings,Debit Card
B-25891,121,41,4.0,Clothing,Stole,Upi
B-25903,336,57,2.0,Electronics,Phones,Cod
B-25851,336,71,3.0,Furniture,Bookcases,Cod
B-26089,27,4,1.0,Clothing,Hankerchief,Cod
B-25996,333,50,2.0,Electronics,Phones,Cod
B-25881,36,7,3.0,Clothing,Leggings,Debit Card
B-25621,333,-15,3.0,Electronics,Phones,Cod
B-25727,327,113,4.0,Clothing,Trousers,Cod
B-25843,18,6,3.0,Clothing,Hankerchief,Upi
B-26050,325,32,7.0,Clothing,T-Shirt,Cod
B-25741,482,-6,7.0,Electronics,Electronic Games,Emi
B-25756,465,-33,4.0,Electronics,Phones,Emi
B-25787,40,-12,3.0,Clothing,Shirt,Cod
B-25603,107,36,6.0,Clothing,Stole,Cod
B-25655,312,-87,7.0,Furniture,Chairs,Cod
B-26096,451,25,3.0,Electronics,Phones,Emi
B-25962,312,62,1.0,Electronics,Electronic Games,Cod
B-26007,311,72,2.0,Furniture,Bookcases,Cod
B-26088,11,5,2.0,Clothing,Hankerchief,Upi
B-25673,37,-5,3.0,Clothing,T-Shirt,Debit Card
B-25664,444,-87,4.0,Electronics,Phones,Emi
B-25642,434,26,9.5,Clothing,Shirt,Credit Card
B-25987,299,0,6.0,Clothing,Stole,Cod
B-25903,37,17,3.0,Clothing,Hankerchief,Debit Card
B-25770,299,113,2.0,Furniture,Bookcases,Cod
B-25840,298,74,2.0,Furniture,Bookcases,Cod
B-25846,94,7,7.0,Clothing,Leggings,Upi
B-25745,296,113,9.5,Clothing,Saree,Cod
B-26073,37,17,3.0,Clothing,Hankerchief,Debit Card
B-26030,291,93,2.0,Electronics,Printers,Cod
B-25678,327,-39,1.0,Electronics,Phones,Cod
B-26035,291,113,9.5,Clothing,Saree,Cod
B-25896,287,-66,6.0,Clothing,Kurti,Cod
B-25989,42,15,1.0,Electronics,Accessories,Upi
B-26016,429,61,3.0,Electronics,Electronic Games,Credit Card
B-26009,285,113,2.0,Electronics,Printers,Cod
B-25915,277,3,1.0,Electronics,Electronic Games,Cod
B-25845,274,-7,4.0,Electronics,Phones,Cod
B-25645,273,-87,4.0,Electronics,Phones,Cod
B-25803,269,91,1.0,Electronics,Electronic Games,Cod
B-26030,11,5,1.0,Clothing,Skirt,Cod
B-25955,39,2,2.0,Clothing,Saree,Debit Card
B-26096,264,-26,3.0,Clothing,Trousers,Cod
B-25635,40,16,3.0,Clothing,Hankerchief,Debit Card
B-26038,41,19,2.0,Clothing,T-Shirt,Debit Card
B-25791,253,-63,2.0,Clothing,Saree,Upi
B-26014,406,97,7.0,Furniture,Chairs,Credit Card
B-25751,32,7,3.0,Clothing,Hankerchief,Cod
B-25962,260,68,2.0,Electronics,Printers,Cod
B-26025,41,19,5.0,Clothing,Hankerchief,Debit Card
B-26048,401,13,6.0,Furniture,Chairs,Credit Card
B-25635,382,30,3.0,Clothing,Saree,Credit Card
B-25981,744,113,5.0,Electronics,Phones,Cod
B-25610,43,0,3.0,Clothing,Saree,Debit Card
B-25733,43,-43,7.0,Clothing,Stole,Debit Card
B-25977,74,29,3.0,Clothing,Stole,Cod
B-25655,44,-26,3.0,Clothing,Hankerchief,Debit Card
B-25612,259,-55,2.0,Furniture,Chairs,Cod
B-25608,257,23,5.0,Clothing,Hankerchief,Cod
B-25752,76,27,5.0,Clothing,Stole,Cod
B-25700,44,-32,3.0,Clothing,Stole,Debit Card
B-25856,257,3,2.0,Clothing,Saree,Cod
B-26026,255,76,9.0,Clothing,Hankerchief,Cod
B-25861,44,14,3.0,Clothing,Hankerchief,Debit Card
B-25673,45,-2,4.0,Clothing,Shirt,Cod
B-25681,44,-3,1.0,Clothing,Saree,Debit Card
B-26051,382,113,2.0,Clothing,Saree,Credit Card
B-25951,250,100,3.0,Clothing,Trousers,Cod
B-25799,45,-15,2.0,Furniture,Chairs,Cod
B-26053,246,61,2.0,Furniture,Bookcases,Cod
B-26030,50,25,5.0,Clothing,Stole,Cod
B-26054,246,98,5.0,Clothing,Hankerchief,Cod
B-25696,44,99,3.0,Clothing,Kurti,Debit Card
B-25660,245,-78,3.0,Clothing,Saree,Cod
B-25858,245,30,2.0,Clothing,Saree,Cod
B-26045,376,0,7.0,Clothing,Stole,Credit Card
B-25850,45,1,3.0,Clothing,T-Shirt,Debit Card
B-25781,45,-28,2.0,Clothing,Stole,Debit Card
B-25918,244,-87,5.0,Furniture,Furnishings,Cod
B-25971,244,83,2.0,Furniture,Bookcases,Cod
B-25870,10,4,1.0,Clothing,Kurti,Upi
B-25770,375,113,3.0,Furniture,Bookcases,Credit Card
B-25757,46,14,5.0,Clothing,Skirt,Debit Card
B-25699,49,-31,2.0,Clothing,Stole,Upi
B-25776,47,-20,2.0,Clothing,Kurti,Debit Card
B-25893,355,-87,7.0,Clothing,Stole,Credit Card
B-25985,32,8,5.0,Clothing,Hankerchief,Upi
B-25681,243,-14,2.0,Furniture,Chairs,Cod
B-26063,241,-77,4.0,Electronics,Electronic Games,Cod
B-26032,47,15,5.0,Clothing,Saree,Debit Card
B-26001,50,-10,6.0,Clothing,Skirt,Debit Card
B-26056,15,6,2.0,Clothing,Hankerchief,Cod
B-25850,148,24,3.0,Clothing,Stole,Cod
B-25767,299,-28,3.0,Electronics,Electronic Games,Upi
B-25693,68,-30,1.0,Electronics,Phones,Upi
B-25850,52,18,5.0,Clothing,Leggings,Debit Card
B-25796,239,-87,5.0,Furniture,Chairs,Cod
B-26053,27,6,3.0,Clothing,Skirt,Cod
B-25650,238,20,2.0,Clothing,Saree,Cod
B-25961,48,16,3.0,Clothing,Shirt,Cod
B-26023,66,22,3.0,Clothing,Stole,Upi
B-25809,53,24,1.0,Clothing,Hankerchief,Debit Card
B-25621,233,-10,5.0,Electronics,Electronic Games,Cod
B-25854,53,-2,3.0,Clothing,Saree,Debit Card
B-26057,54,8,4.0,Clothing,T-Shirt,Debit Card
B-25688,352,-87,5.0,Clothing,Saree,Credit Card
B-25885,349,0,7.0,Clothing,Stole,Credit Card
B-25753,341,-85,6.0,Clothing,Trousers,Credit Card
B-25981,54,12,3.0,Clothing,Saree,Debit Card
B-26055,57,7,2.0,Clothing,Shirt,Upi
B-25714,340,20,7.0,Clothing,Shirt,Credit Card
B-26055,227,48,5.0,Clothing,Stole,Cod
B-25989,330,81,1.0,Furniture,Bookcases,Credit Card
B-25710,216,-38,6.0,Furniture,Furnishings,Upi
B-25773,224,-87,3.0,Furniture,Chairs,Cod
B-25661,55,-33,2.0,Furniture,Chairs,Debit Card
B-26021,49,21,1.0,Clothing,Stole,Upi
B-26057,224,87,3.0,Clothing,Trousers,Cod
B-25858,223,27,2.0,Furniture,Bookcases,Cod
B-25857,324,39,8.0,Electronics,Accessories,Credit Card
B-25656,56,18,2.0,Clothing,Hankerchief,Debit Card
B-25999,223,62,7.0,Clothing,Shirt,Cod
B-25856,10,2,2.0,Clothing,Skirt,Cod
B-25926,57,6,5.0,Clothing,Leggings,Debit Card
B-25728,322,-87,4.0,Clothing,Saree,Credit Card
B-26076,219,4,2.0,Clothing,Saree,Cod
B-25913,103,21,7.0,Clothing,Stole,Upi
B-25703,47,-27,4.0,Clothing,Saree,Cod
B-25858,219,0,1.0,Clothing,Saree,Cod
B-25727,57,-48,6.0,Clothing,Leggings,Debit Card
B-26020,319,102,6.0,Electronics,Accessories,Credit Card
B-26003,315,-8,3.0,Furniture,Chairs,Credit Card
B-25925,314,-41,3.0,Electronics,Electronic Games,Credit Card
B-26087,311,40,1.0,Electronics,Electronic Games,Emi
B-25810,307,74,3.0,Electronics,Accessories,Emi
B-25858,294,109,7.0,Electronics,Accessories,Emi
B-25861,216,-83,3.0,Electronics,Electronic Games,Cod
B-25661,58,-42,2.0,Furniture,Chairs,Debit Card
B-25943,48,20,4.0,Clothing,Stole,Upi
B-25955,54,14,3.0,Clothing,T-Shirt,Upi
B-26051,216,50,4.0,Clothing,Stole,Cod
B-25999,215,-30,2.0,Clothing,Saree,Cod
B-26083,43,8,3.0,Clothing,Leggings,Cod
B-25950,136,-33,5.0,Clothing,Saree,Cod
B-25625,59,-30,3.0,Clothing,Leggings,Debit Card
B-26055,213,4,9.5,Clothing,Shirt,Cod
B-26023,59,21,2.0,Clothing,Stole,Debit Card
B-26010,55,3,3.0,Clothing,T-Shirt,Cod
B-25955,294,62,9.0,Clothing,T-Shirt,Emi
B-25900,210,62,2.0,Electronics,Phones,Cod
B-26089,59,24,6.0,Clothing,Kurti,Debit Card
B-25655,396,-31,9.0,Clothing,Saree,Cod
B-25979,284,45,2.0,Furniture,Bookcases,Emi
B-26002,276,52,5.0,Clothing,Saree,Emi
B-25635,23,2,2.0,Clothing,Skirt,Upi
B-26084,209,-63,4.0,Electronics,Electronic Games,Cod
B-25998,50,-28,5.0,Furniture,Furnishings,Cod
B-25872,57,27,2.0,Clothing,Shirt,Cod
B-25795,276,-21,2.0,Electronics,Phones,Emi
B-25902,268,6,2.0,Furniture,Bookcases,Upi
B-25650,269,111,3.0,Clothing,Trousers,Emi
B-25957,209,2,1.0,Clothing,Saree,Cod
B-25793,60,-12,4.0,Clothing,Hankerchief,Debit Card
B-25654,269,-86,2.0,Electronics,Electronic Games,Emi
B-25750,208,-25,2.0,Clothing,Saree,Cod
B-25835,27,2,2.0,Clothing,Leggings,Upi
B-25652,206,-87,3.0,Clothing,Saree,Cod
B-26018,61,8,4.0,Clothing,Hankerchief,Debit Card
B-25750,212,-24,2.0,Furniture,Chairs,Cod
B-25840,262,64,6.0,Clothing,Saree,Emi
B-25756,204,113,3.0,Furniture,Bookcases,Cod
B-25777,59,-46,7.0,Clothing,T-Shirt,Upi
B-25750,199,-18,2.0,Clothing,Saree,Cod
B-25823,59,6,1.0,Electronics,Accessories,Upi
B-26096,45,9,3.0,Clothing,Leggings,Upi
B-25757,211,19,8.0,Clothing,Stole,Cod
B-25698,65,-16,2.0,Electronics,Phones,Debit Card
B-25710,25,0,4.0,Clothing,Skirt,Upi
B-25994,196,-7,5.0,Electronics,Phones,Cod
B-25950,261,13,6.0,Clothing,Shirt,Credit Card
B-25653,195,-87,5.0,Electronics,Phones,Cod
B-25785,192,-87,3.0,Clothing,Saree,Cod
B-25863,189,87,7.0,Clothing,Stole,Cod
B-25959,32,2,2.0,Clothing,Kurti,Upi
B-25991,188,13,7.0,Clothing,Shirt,Cod
B-25680,73,-25,3.0,Clothing,Saree,Cod
B-25910,259,47,5.0,Clothing,Hankerchief,Credit Card
B-25737,187,-15,3.0,Clothing,Trousers,Cod
B-25853,26,11,2.0,Clothing,Hankerchief,Upi
B-26097,185,-26,6.0,Furniture,Chairs,Cod
B-25875,248,8,2.0,Clothing,Saree,Credit Card
B-26031,67,9,4.0,Clothing,Leggings,Debit Card
B-25773,248,-70,3.0,Furniture,Chairs,Credit Card
B-25840,246,61,2.0,Furniture,Bookcases,Credit Card
B-25908,179,-25,5.0,Clothing,Kurti,Cod
B-26041,176,-28,5.0,Furniture,Furnishings,Cod
B-26010,176,-13,5.0,Furniture,Furnishings,Cod
B-25640,68,-62,2.0,Clothing,Trousers,Debit Card
B-25794,176,37,6.0,Electronics,Accessories,Cod
B-25987,88,11,7.0,Clothing,Hankerchief,Upi
B-25615,68,20,5.0,Clothing,Hankerchief,Debit Card
B-25997,231,99,2.0,Electronics,Electronic Games,Credit Card
B-25981,62,8,2.0,Clothing,T-Shirt,Upi
B-25791,175,77,3.0,Clothing,Saree,Cod
B-25986,71,4,5.0,Clothing,Leggings,Debit Card
B-25652,174,-70,3.0,Electronics,Accessories,Cod
B-25952,173,69,3.0,Furniture,Chairs,Cod
B-25898,171,2,2.0,Electronics,Electronic Games,Cod
B-25785,268,-25,3.0,Clothing,Saree,Cod
B-25990,71,32,3.0,Clothing,Saree,Debit Card
B-26091,29,10,4.0,Clothing,Hankerchief,Upi
B-25604,65,17,2.0,Clothing,T-Shirt,Upi
B-25754,72,-46,7.0,Clothing,Kurti,Debit Card
B-25724,168,-51,2.0,Furniture,Bookcases,Cod
B-25757,165,30,3.0,Clothing,Stole,Cod
B-25767,74,-59,2.0,Electronics,Accessories,Debit Card
B-25886,89,17,2.0,Clothing,Stole,Upi
B-25621,228,63,3.0,Electronics,Electronic Games,Credit Card
B-25967,119,-24,4.0,Furniture,Furnishings,Cod
B-25691,75,-25,3.0,Clothing,Stole,Upi
B-25953,67,20,4.0,Clothing,T-Shirt,Upi
B-25651,7,0,1.0,Clothing,Leggings,Cod
B-25828,222,35,5.0,Clothing,Saree,Credit Card
B-25628,219,-9,4.0,Clothing,Saree,Credit Card
B-25703,42,-23,2.0,Furniture,Furnishings,Upi
B-25929,216,-87,3.0,Furniture,Chairs,Credit Card
B-25748,47,-21,2.0,Electronics,Electronic Games,Cod
B-25610,68,-55,5.0,Electronics,Accessories,Upi
B-25903,74,33,2.0,Clothing,Shirt,Debit Card
B-25878,165,46,3.0,Furniture,Furnishings,Cod
B-26056,101,11,2.0,Clothing,Hankerchief,Upi
B-26004,162,73,2.0,Electronics,Electronic Games,Cod
B-25699,20,-22,1.0,Furniture,Furnishings,Upi
B-26053,162,55,3.0,Clothing,Stole,Cod
B-25654,229,-23,2.0,Clothing,Saree,Upi
B-25954,27,0,2.0,Clothing,Leggings,Cod
B-25910,685,7,7.0,Clothing,Trousers,Upi
B-26064,75,2,5.0,Clothing,Leggings,Debit Card
B-25983,161,-87,8.0,Furniture,Furnishings,Cod
B-26002,71,19,3.0,Clothing,T-Shirt,Cod
B-25650,211,-87,2.0,Clothing,Saree,Credit Card
B-26043,79,5,6.0,Clothing,Hankerchief,Debit Card
B-25657,32,-22,5.0,Clothing,Saree,Upi
B-25838,161,40,3.0,Clothing,Stole,Cod
B-25651,159,4,1.0,Clothing,Saree,Cod
B-25808,210,-50,4.0,Clothing,Hankerchief,Credit Card
B-25973,79,39,2.0,Clothing,Shirt,Debit Card
B-25698,207,113,3.0,Clothing,Saree,Credit Card
B-25818,36,0,4.0,Clothing,Kurti,Cod
B-26061,206,12,1.0,Electronics,Printers,Credit Card
B-25878,46,0,4.0,Clothing,Leggings,Cod
B-26054,156,23,3.0,Clothing,Stole,Cod
B-25809,154,54,3.0,Clothing,Hankerchief,Cod
B-26042,36,15,3.0,Clothing,Stole,Upi
B-26008,206,51,4.0,Clothing,Hankerchief,Credit Card
B-25927,200,7,4.0,Electronics,Electronic Games,Credit Card
B-26008,199,-1,1.0,Clothing,Saree,Credit Card
B-25753,154,22,7.0,Clothing,T-Shirt,Cod
B-25948,152,23,3.0,Furniture,Furnishings,Cod
B-26094,152,50,6.0,Clothing,Stole,Cod
B-25654,122,-21,3.0,Furniture,Furnishings,Upi
B-25854,149,48,6.0,Clothing,Stole,Cod
B-25623,149,-87,4.0,Clothing,Saree,Cod
B-25985,197,20,4.0,Clothing,Kurti,Credit Card
B-25723,76,-54,3.0,Electronics,Electronic Games,Cod
B-25751,221,-15,2.0,Electronics,Electronic Games,Cod
B-26050,79,32,3.0,Clothing,Saree,Debit Card
B-25800,45,12,7.0,Clothing,Hankerchief,Upi
B-25673,149,-1,1.0,Clothing,Saree,Cod
B-26002,80,22,3.0,Clothing,Stole,Debit Card
B-26009,195,12,9.0,Clothing,Shirt,Credit Card
B-25754,19,0,3.0,Clothing,Skirt,Upi
B-25953,81,41,3.0,Clothing,Stole,Debit Card
B-26039,83,34,5.0,Clothing,Shirt,Debit Card
B-26001,149,17,4.0,Furniture,Furnishings,Cod
B-25620,193,46,1.0,Electronics,Printers,Credit Card
B-26051,85,24,9.5,Clothing,Hankerchief,Debit Card
B-25673,44,-17,5.0,Clothing,Saree,Upi
B-25721,149,-40,2.0,Electronics,Phones,Cod
B-25764,26,0,2.0,Clothing,Kurti,Cod
B-25645,86,0,4.0,Clothing,T-Shirt,Debit Card
B-26066,86,22,2.0,Clothing,Saree,Debit Card
B-26003,79,16,3.0,Clothing,T-Shirt,Cod
B-25712,193,-87,3.0,Electronics,Phones,Credit Card
B-25796,148,0,3.0,Clothing,Saree,Cod
B-25738,70,-14,2.0,Furniture,Furnishings,Upi
B-25771,148,59,3.0,Clothing,Hankerchief,Cod
B-25950,190,19,9.0,Furniture,Furnishings,Credit Card
B-26038,52,14,2.0,Clothing,Stole,Cod
B-26004,147,44,3.0,Clothing,Saree,Cod
B-25896,190,68,8.0,Clothing,T-Shirt,Credit Card
B-25601,80,-56,4.0,Electronics,Electronic Games,Upi
B-25952,147,48,3.0,Clothing,Saree,Cod
B-25873,66,12,3.0,Clothing,Stole,Cod
B-25844,86,8,2.0,Clothing,Saree,Debit Card
B-26054,88,19,2.0,Clothing,Shirt,Debit Card
B-25953,188,-87,2.0,Electronics,Electronic Games,Credit Card
B-25951,89,29,2.0,Clothing,Stole,Upi
B-26065,146,19,5.0,Clothing,Stole,Cod
B-26033,143,32,1.0,Furniture,Bookcases,Cod
B-25781,25,-1,4.0,Clothing,Kurti,Cod
B-26043,30,12,3.0,Clothing,Skirt,Upi
B-25787,140,-58,4.0,Furniture,Furnishings,Cod
B-25664,83,-48,1.0,Furniture,Bookcases,Upi
B-25825,140,6,5.0,Clothing,Saree,Cod
B-25818,28,14,4.0,Clothing,Hankerchief,Cod
B-25765,139,14,3.0,Clothing,Stole,Cod
B-25853,30,14,3.0,Clothing,Hankerchief,Upi
B-26030,89,36,3.0,Clothing,Shirt,Upi
B-25730,187,30,4.0,Electronics,Accessories,Credit Card
B-26054,139,21,3.0,Electronics,Accessories,Cod
B-25773,437,-14,2.0,Clothing,Saree,Upi
B-25717,138,-3,5.0,Clothing,Saree,Cod
B-26010,85,13,2.0,Clothing,Shirt,Upi
B-25893,83,12,3.0,Clothing,Stole,Upi
B-26076,91,22,2.0,Clothing,Stole,Upi
B-25803,137,5,5.0,Clothing,Shirt,Cod
B-25709,33,-12,7.0,Clothing,Saree,Upi
B-25755,134,-34,2.0,Furniture,Chairs,Cod
B-25684,134,42,2.0,Furniture,Chairs,Cod
B-25739,133,-56,2.0,Furniture,Chairs,Cod
B-26081,93,-84,3.0,Clothing,Saree,Upi
B-25662,86,-21,1.0,Electronics,Electronic Games,Upi
B-25845,132,54,5.0,Clothing,Stole,Cod
B-26085,132,-10,3.0,Clothing,Saree,Cod
B-25745,132,-79,5.0,Furniture,Furnishings,Cod
B-25999,93,-65,4.0,Clothing,Stole,Upi
B-26082,95,5,2.0,Clothing,Stole,Upi
B-26097,97,12,2.0,Clothing,Hankerchief,Upi
B-25731,131,-87,8.0,Furniture,Furnishings,Cod
B-25625,97,29,2.0,Clothing,Hankerchief,Upi
B-25853,128,4,3.0,Clothing,Saree,Cod
B-25703,186,113,9.0,Clothing,Shirt,Credit Card
B-26003,128,47,4.0,Clothing,Hankerchief,Cod
B-25803,185,48,4.0,Clothing,Stole,Credit Card
B-25719,29,10,2.0,Clothing,Stole,Cod
B-25883,127,29,3.0,Furniture,Furnishings,Cod
B-25891,97,36,7.0,Clothing,Hankerchief,Upi
B-25821,125,0,3.0,Electronics,Accessories,Cod
B-25646,299,-8,2.0,Clothing,Saree,Cod
B-25874,124,54,5.0,Clothing,T-Shirt,Cod
B-25717,90,17,3.0,Clothing,Shirt,Cod
B-26073,122,11,4.0,Clothing,Hankerchief,Cod
B-25800,122,-66,9.0,Electronics,Accessories,Cod
B-25991,90,30,2.0,Furniture,Chairs,Upi
B-25638,182,-11,3.0,Furniture,Bookcases,Credit Card
B-26021,122,59,7.0,Furniture,Furnishings,Cod
B-25882,121,19,4.0,Clothing,Stole,Cod
B-26053,120,1,1.0,Furniture,Chairs,Cod
B-25951,120,23,5.0,Clothing,Stole,Cod
B-25757,34,-11,5.0,Clothing,T-Shirt,Cod
B-25777,117,17,6.0,Clothing,Kurti,Cod
B-26040,38,9,2.0,Clothing,Stole,Cod
B-25696,117,-6,3.0,Electronics,Phones,Cod
B-25977,180,54,4.0,Clothing,T-Shirt,Credit Card
B-25743,99,-5,1.0,Clothing,Saree,Upi
B-25651,172,-87,3.0,Furniture,Chairs,Emi
B-25603,116,16,4.0,Clothing,Stole,Cod
B-25696,116,-4,1.0,Clothing,Saree,Cod
B-26037,171,68,7.0,Clothing,Stole,Emi
B-26098,46,14,5.0,Clothing,Skirt,Cod
B-25697,115,-39,3.0,Clothing,Trousers,Cod
B-25920,100,7,2.0,Clothing,T-Shirt,Upi
B-25993,44,8,2.0,Clothing,Stole,Cod
B-26089,139,14,3.0,Clothing,Kurti,Cod
B-25960,171,-87,2.0,Furniture,Bookcases,Emi
B-25917,100,12,2.0,Clothing,T-Shirt,Upi
B-25825,115,25,6.0,Clothing,Stole,Cod
B-25696,168,-9,3.0,Clothing,Saree,Cod
B-25972,115,47,2.0,Electronics,Accessories,Cod
B-25602,168,-87,2.0,Electronics,Phones,Emi
B-25736,31,-7,5.0,Clothing,Skirt,Upi
B-26003,114,41,6.0,Furniture,Furnishings,Cod
B-25970,111,9,4.0,Clothing,Stole,Cod
B-25742,11,-8,2.0,Clothing,Skirt,Upi
B-25770,110,35,1.0,Furniture,Furnishings,Cod
B-26098,59,15,2.0,Clothing,T-Shirt,Upi
B-26050,166,27,2.0,Electronics,Accessories,Emi
B-25778,109,-6,6.0,Clothing,Saree,Cod
B-25652,34,-6,4.0,Clothing,Leggings,Cod
B-25999,109,40,1.0,Furniture,Furnishings,Cod
B-25909,108,22,3.0,Electronics,Accessories,Cod
B-25823,103,50,2.0,Furniture,Furnishings,Upi
B-25701,10,-8,2.0,Clothing,Skirt,Cod
B-25855,90,17,3.0,Clothing,Hankerchief,Cod
B-25654,105,46,2.0,Clothing,Stole,Upi
B-25623,105,20,2.0,Clothing,Stole,Debit Card
B-25641,22,-6,1.0,Furniture,Furnishings,Cod
B-25852,105,-33,5.0,Clothing,Kurti,Cod
B-25958,105,25,2.0,Clothing,Hankerchief,Emi
B-25802,25,-7,5.0,Clothing,Saree,Upi
B-25823,104,2,2.0,Furniture,Furnishings,Cod
B-25834,16,5,1.0,Clothing,Stole,Upi
B-25678,64,-7,3.0,Clothing,Saree,Cod
B-25774,38,-6,2.0,Furniture,Furnishings,Upi
B-25904,83,12,2.0,Furniture,Chairs,Cod
B-25896,103,36,2.0,Clothing,Hankerchief,Cod
B-25796,37,-6,1.0,Clothing,Saree,Upi
B-25934,105,33,6.0,Clothing,Saree,Emi
B-25750,78,-6,2.0,Furniture,Furnishings,Upi
B-25761,102,-87,1.0,Clothing,Saree,Cod
B-25912,102,11,6.0,Clothing,T-Shirt,Cod
B-25751,10,-8,1.0,Clothing,Kurti,Upi
B-25656,101,18,9.0,Clothing,Skirt,Cod
B-25647,42,-6,4.0,Clothing,Saree,Upi
B-25861,56,18,2.0,Clothing,Hankerchief,Upi
B-25802,95,5,2.0,Clothing,Stole,Cod
B-25901,159,2,3.0,Furniture,Furnishings,Emi
B-25623,158,69,3.0,Clothing,Stole,Emi
B-25751,106,0,2.0,Electronics,Phones,Emi
B-26052,101,16,4.0,Clothing,T-Shirt,Cod
B-25886,107,37,3.0,Clothing,Shirt,Cod
B-25804,156,36,5.0,Clothing,T-Shirt,Emi
B-25734,108,-19,3.0,Electronics,Electronic Games,Upi
B-25610,107,-54,4.0,Clothing,Stole,Emi
B-25711,100,-58,4.0,Clothing,Hankerchief,Cod
B-25985,108,26,4.0,Clothing,Shirt,Upi
B-25864,100,6,4.0,Clothing,Stole,Cod
B-25648,100,-23,1.0,Electronics,Phones,Cod
B-26086,43,17,2.0,Clothing,T-Shirt,Upi
B-25835,155,26,3.0,Clothing,Stole,Emi
B-25949,151,9,3.0,Clothing,Hankerchief,Emi
B-25930,151,29,5.0,Clothing,Hankerchief,Emi
B-25655,110,-68,4.0,Clothing,Saree,Emi
B-25757,98,9,2.0,Furniture,Furnishings,Cod
B-25655,97,-62,2.0,Clothing,Trousers,Cod
B-26033,111,35,5.0,Clothing,Shirt,Cod
B-26083,45,17,1.0,Electronics,Accessories,Cod
B-25805,112,15,2.0,Furniture,Chairs,Cod
B-25955,110,20,5.0,Clothing,Stole,Debit Card
B-25762,98,-5,2.0,Clothing,Saree,Upi
B-25919,110,12,7.0,Clothing,Stole,Debit Card
B-25853,95,11,4.0,Furniture,Furnishings,Cod
B-25925,744,14,3.0,Furniture,Chairs,Upi
B-26023,29,0,3.0,Furniture,Furnishings,Cod
B-26055,94,27,2.0,Clothing,T-Shirt,Cod
B-25653,115,25,1.0,Electronics,Accessories,Cod
B-25893,149,15,3.0,Clothing,Saree,Emi
B-26052,148,23,4.0,Clothing,Kurti,Emi
B-25830,93,15,2.0,Electronics,Accessories,Cod
B-26040,113,24,4.0,Clothing,Hankerchief,Debit Card
B-25981,48,2,3.0,Clothing,Stole,Cod
B-25954,148,9,1.0,Electronics,Electronic Games,Upi
B-25889,114,11,4.0,Clothing,T-Shirt,Debit Card
B-25810,92,42,2.0,Clothing,Stole,Cod
B-25637,117,14,3.0,Clothing,Shirt,Upi
B-25801,21,-10,4.0,Clothing,Leggings,Cod
B-25783,33,-10,6.0,Clothing,Leggings,Upi
B-25697,114,8,3.0,Electronics,Accessories,Debit Card
B-26028,115,0,1.0,Electronics,Accessories,Debit Card
B-25851,90,29,5.0,Clothing,T-Shirt,Cod
B-25938,61,1,2.0,Furniture,Furnishings,Cod
B-25820,119,1,1.0,Furniture,Chairs,Cod
B-25850,117,36,2.0,Clothing,Trousers,Debit Card
B-25924,148,54,2.0,Furniture,Chairs,Upi
B-25609,249,-5,4.0,Clothing,Saree,Cod
B-25898,147,73,3.0,Clothing,Stole,Upi
B-25814,118,35,7.0,Clothing,T-Shirt,Emi
B-26087,119,56,7.0,Clothing,Saree,Emi
B-25901,90,27,2.0,Clothing,T-Shirt,Cod
B-26025,32,1,2.0,Clothing,Stole,Cod
B-25631,89,-87,2.0,Furniture,Furnishings,Cod
B-25954,146,66,1.0,Electronics,Phones,Upi
B-25956,89,-37,4.0,Clothing,Shirt,Cod
B-26096,88,11,3.0,Electronics,Accessories,Cod
B-25862,121,41,4.0,Clothing,Stole,Emi
B-26054,88,20,2.0,Clothing,Saree,Cod
B-25698,87,-83,5.0,Clothing,Kurti,Cod
B-25606,87,4,2.0,Clothing,Shirt,Cod
B-25928,122,15,3.0,Electronics,Accessories,Emi
B-26005,87,10,3.0,Clothing,Stole,Cod
B-25963,53,8,3.0,Furniture,Furnishings,Upi
B-25952,87,-32,9.0,Clothing,Skirt,Cod
B-25683,86,-55,6.0,Clothing,Saree,Cod
B-25914,125,22,3.0,Clothing,Stole,Emi
B-25828,128,-3,3.0,Clothing,Saree,Debit Card
B-25743,143,-87,5.0,Clothing,Saree,Upi
B-26085,86,22,2.0,Clothing,Saree,Cod
B-25869,86,9,3.0,Clothing,Saree,Cod
B-25773,85,-9,4.0,Clothing,Saree,Cod
B-25700,129,-75,5.0,Clothing,Shirt,Debit Card
B-25921,84,-42,2.0,Electronics,Accessories,Cod
B-25730,83,-81,3.0,Furniture,Chairs,Cod
B-26083,143,6,2.0,Electronics,Accessories,Upi
B-25849,336,113,3.0,Electronics,Phones,Upi
B-25909,323,113,5.0,Electronics,Phones,Upi
B-26038,130,61,3.0,Clothing,Shirt,Debit Card
B-25999,152,-3,5.0,Clothing,Saree,Cod
B-25928,25,10,1.0,Furniture,Furnishings,Upi
B-25878,140,15,5.0,Clothing,Stole,Upi
B-25843,45,0,2.0,Clothing,Stole,Upi
B-25959,132,49,3.0,Clothing,Shirt,Cod
B-25630,133,12,5.0,Clothing,Stole,Debit Card
B-25858,82,13,2.0,Clothing,Shirt,Cod
B-26096,140,56,4.0,Clothing,Shirt,Upi
B-25838,81,19,7.0,Clothing,Hankerchief,Cod
B-25943,137,38,5.0,Clothing,Hankerchief,Debit Card
B-25780,137,-41,3.0,Electronics,Phones,Debit Card
B-25949,140,57,2.0,Clothing,Trousers,Debit Card
B-25892,139,30,3.0,Clothing,Shirt,Upi
B-26054,138,11,5.0,Clothing,Stole,Upi
B-25988,79,-87,9.0,Clothing,Skirt,Cod
B-25939,136,41,3.0,Electronics,Accessories,Upi
B-26083,145,16,3.0,Clothing,T-Shirt,Debit Card
B-26078,44,20,2.0,Clothing,T-Shirt,Upi
B-25902,79,6,7.0,Clothing,Saree,Cod
B-25676,79,36,4.0,Clothing,Shirt,Cod
B-26016,134,-13,3.0,Electronics,Electronic Games,Upi
B-25950,133,5,5.0,Clothing,Stole,Upi
B-26056,47,20,7.0,Clothing,Hankerchief,Upi
B-25645,133,-42,1.0,Electronics,Printers,Upi
B-25906,78,27,3.0,Clothing,Stole,Cod
B-26017,78,7,1.0,Furniture,Chairs,Cod
B-25644,76,-87,8.0,Furniture,Furnishings,Cod
B-25679,76,-50,1.0,Clothing,Saree,Cod
B-25854,76,19,3.0,Clothing,Hankerchief,Cod
B-25670,74,29,3.0,Clothing,Stole,Cod
B-25792,74,-25,3.0,Clothing,Stole,Cod
B-25808,146,-63,3.0,Electronics,Electronic Games,Debit Card
B-25750,73,-31,1.0,Furniture,Bookcases,Cod
B-26051,80,22,3.0,Clothing,Stole,Upi
B-26076,133,46,5.0,Clothing,Shirt,Emi
B-25946,146,7,2.0,Electronics,Phones,Debit Card
B-25648,130,-41,4.0,Clothing,Saree,Emi
B-25992,141,41,3.0,Clothing,Shirt,Upi
B-25848,147,21,3.0,Furniture,Furnishings,Debit Card
B-25697,73,-7,1.0,Electronics,Phones,Cod
B-25659,148,72,7.0,Clothing,T-Shirt,Debit Card
B-25716,58,0,4.0,Clothing,Saree,Upi
B-25652,21,-13,3.0,Clothing,Leggings,Upi
B-26093,148,25,3.0,Clothing,Saree,Debit Card
B-25725,144,-7,4.0,Electronics,Electronic Games,Cod
B-25661,145,-87,5.0,Furniture,Chairs,Upi
B-25693,72,-49,1.0,Electronics,Phones,Cod
B-25910,125,15,5.0,Clothing,Shirt,Emi
B-25943,149,15,3.0,Clothing,Saree,Debit Card
B-26100,72,16,2.0,Clothing,Shirt,Cod
B-25830,71,0,8.0,Clothing,Skirt,Cod
B-25932,71,-14,4.0,Furniture,Furnishings,Cod
B-25929,154,-85,3.0,Furniture,Chairs,Emi
B-25708,191,13,8.0,Furniture,Furnishings,Cod
B-25921,170,19,5.0,Clothing,T-Shirt,Upi
B-25755,47,-3,2.0,Clothing,Stole,Upi
B-25640,122,-47,4.0,Clothing,Saree,Emi
B-25838,70,26,5.0,Clothing,Hankerchief,Cod
B-26025,155,5,3.0,Clothing,Stole,Emi
B-25789,67,-86,9.0,Furniture,Furnishings,Cod
B-25697,67,-42,3.0,Clothing,Stole,Cod
B-25797,148,-87,2.0,Furniture,Bookcases,Upi
B-26064,122,38,6.0,Clothing,T-Shirt,Credit Card
B-25732,16,-5,2.0,Clothing,Stole,Upi
B-25654,121,-17,3.0,Furniture,Furnishings,Credit Card
B-25750,42,-15,9.5,Clothing,Skirt,Upi
B-25751,65,-4,6.0,Clothing,Hankerchief,Cod
B-25889,119,-43,7.0,Clothing,Kurti,Credit Card
B-25683,155,56,3.0,Furniture,Furnishings,Emi
B-25602,119,-5,8.0,Clothing,Saree,Credit Card
B-25871,118,25,4.0,Clothing,Hankerchief,Credit Card
B-25953,116,22,1.0,Electronics,Accessories,Credit Card
B-25950,158,-29,9.5,Clothing,Hankerchief,Emi
B-26091,158,69,3.0,Clothing,Stole,Emi
B-25753,65,-52,3.0,Electronics,Accessories,Cod
B-25611,160,-59,2.0,Clothing,Saree,Emi
B-25935,162,20,3.0,Furniture,Chairs,Emi
B-25886,63,1,4.0,Clothing,T-Shirt,Cod
B-25833,64,27,5.0,Clothing,Hankerchief,Upi
B-25665,166,-87,4.0,Electronics,Accessories,Emi
B-25694,167,43,7.0,Clothing,T-Shirt,Emi
B-25668,123,17,3.0,Furniture,Furnishings,Cod
B-25945,63,14,2.0,Clothing,Shirt,Cod
B-25954,744,0,5.0,Clothing,Saree,Cod
B-25818,75,28,9.0,Clothing,Hankerchief,Upi
B-25861,62,6,5.0,Clothing,Hankerchief,Cod
B-25721,29,-18,7.0,Clothing,Skirt,Upi
B-26024,168,18,6.0,Clothing,Stole,Debit Card
B-26056,70,24,3.0,Clothing,Stole,Upi
B-26050,169,55,4.0,Clothing,Saree,Debit Card
B-25708,32,-8,2.0,Clothing,Stole,Cod
B-25651,44,-8,3.0,Clothing,Stole,Upi
B-25616,116,-56,5.0,Clothing,Stole,Credit Card
B-25827,156,21,3.0,Furniture,Chairs,Cod
B-25996,62,6,6.0,Clothing,Skirt,Cod
B-25830,54,1,2.0,Clothing,Saree,Upi
B-25951,111,11,9.0,Clothing,Hankerchief,Credit Card
B-25713,158,-63,4.0,Furniture,Chairs,Upi
B-25678,7,-3,2.0,Clothing,Skirt,Upi
B-25901,61,28,2.0,Clothing,Hankerchief,Upi
B-25798,61,-50,4.0,Clothing,Hankerchief,Cod
B-25902,154,26,4.0,Electronics,Accessories,Cod
B-25851,62,1,3.0,Clothing,Saree,Cod
B-25944,169,38,3.0,Clothing,Saree,Debit Card
B-25939,61,18,2.0,Electronics,Accessories,Cod
B-25656,61,-23,2.0,Clothing,Saree,Cod
B-25695,171,14,9.0,Clothing,Shirt,Debit Card
B-25781,60,-49,8.0,Clothing,Hankerchief,Cod
B-25783,25,-11,1.0,Clothing,Stole,Upi
B-25867,163,26,4.0,Clothing,Shirt,Cod
B-25993,173,86,1.0,Electronics,Printers,Debit Card
B-25755,257,-3,2.0,Furniture,Bookcases,Upi
B-25880,108,37,2.0,Clothing,Stole,Credit Card
B-25941,177,41,4.0,Clothing,Shirt,Debit Card
B-25757,106,15,7.0,Clothing,Hankerchief,Credit Card
B-25754,41,-14,5.0,Clothing,Leggings,Upi
B-25653,168,-10,3.0,Electronics,Accessories,Upi
B-25821,60,21,4.0,Clothing,Stole,Cod
B-25706,31,-11,4.0,Clothing,Stole,Cod
B-26064,179,0,2.0,Clothing,Saree,Debit Card
B-25803,106,12,3.0,Clothing,Trousers,Credit Card
B-26076,60,13,2.0,Clothing,T-Shirt,Cod
B-25603,180,5,3.0,Clothing,Trousers,Debit Card
B-25903,60,-10,2.0,Furniture,Furnishings,Cod
B-25938,59,25,3.0,Clothing,Stole,Cod
B-25868,170,73,2.0,Electronics,Accessories,Upi
B-25956,59,10,2.0,Clothing,Hankerchief,Cod
B-25652,24,-21,7.0,Clothing,Skirt,Cod
B-25883,105,-26,8.0,Clothing,Leggings,Credit Card
B-26096,103,46,2.0,Clothing,Saree,Credit Card
B-25969,171,17,6.0,Clothing,T-Shirt,Upi
B-25951,102,13,2.0,Clothing,Stole,Credit Card
B-25855,98,12,2.0,Clothing,Hankerchief,Credit Card
B-26091,59,10,4.0,Clothing,Leggings,Cod
B-25954,189,60,4.0,Furniture,Furnishings,Debit Card
B-25763,58,-52,3.0,Furniture,Chairs,Cod
B-25945,60,3,3.0,Clothing,Saree,Upi
B-25740,58,-8,2.0,Clothing,Saree,Cod
B-25818,94,20,2.0,Furniture,Furnishings,Upi
B-25603,193,-87,3.0,Clothing,Saree,Emi
B-25964,199,0,4.0,Clothing,Stole,Emi
B-25930,202,89,9.0,Clothing,T-Shirt,Emi
B-25930,58,17,2.0,Clothing,Hankerchief,Cod
B-25879,57,-28,2.0,Clothing,Kurti,Cod
B-25903,204,-87,4.0,Clothing,Hankerchief,Emi
B-25614,98,-12,2.0,Electronics,Electronic Games,Credit Card
B-25750,22,-12,3.0,Clothing,Stole,Cod
B-25852,97,17,2.0,Clothing,Stole,Credit Card
B-26008,57,24,5.0,Clothing,Leggings,Cod
B-26092,97,14,2.0,Clothing,T-Shirt,Credit Card
B-25689,97,17,2.0,Clothing,Stole,Credit Card
B-25730,96,22,5.0,Clothing,Stole,Credit Card
B-25885,94,27,2.0,Clothing,Shirt,Credit Card
B-25999,26,-17,1.0,Clothing,Stole,Cod
B-26011,93,44,2.0,Clothing,Stole,Credit Card
B-25754,93,-65,4.0,Clothing,Stole,Credit Card
B-26030,92,5,6.0,Clothing,Hankerchief,Credit Card
B-25851,57,27,2.0,Clothing,T-Shirt,Cod
B-25870,57,7,3.0,Furniture,Furnishings,Cod
B-26074,57,21,4.0,Clothing,Leggings,Cod
B-25861,128,4,3.0,Clothing,Saree,Cod
B-25797,89,-4,5.0,Clothing,Saree,Credit Card
B-25993,221,26,7.0,Furniture,Furnishings,Cod
B-25799,205,-87,3.0,Clothing,Saree,Debit Card
B-25721,191,51,5.0,Clothing,Shirt,Upi
B-26056,206,18,4.0,Clothing,Hankerchief,Debit Card
B-25743,56,0,4.0,Clothing,Hankerchief,Cod
B-25854,88,16,4.0,Clothing,Stole,Credit Card
B-25748,224,58,3.0,Electronics,Phones,Upi
B-25976,193,8,4.0,Clothing,T-Shirt,Upi
B-25953,87,36,5.0,Clothing,Stole,Credit Card
B-25996,189,4,1.0,Clothing,Saree,Upi
B-25717,55,-33,2.0,Furniture,Chairs,Cod
B-25865,85,-1,3.0,Clothing,Saree,Credit Card
B-25959,252,56,2.0,Electronics,Phones,Upi
B-25855,197,73,1.0,Furniture,Bookcases,Cod
B-25703,17,-3,2.0,Clothing,Stole,Upi
B-26049,100,28,2.0,Clothing,Hankerchief,Upi
B-25755,80,-19,5.0,Clothing,Stole,Upi
B-26070,75,29,1.0,Clothing,Trousers,Upi
B-25755,26,4,2.0,Clothing,Saree,Upi
B-26047,55,12,5.0,Clothing,Skirt,Cod
B-25604,157,5,9.0,Clothing,Saree,Upi
B-25651,200,-60,4.0,Furniture,Bookcases,Upi
B-25983,230,5,2.0,Clothing,Saree,Upi
B-26056,213,-87,3.0,Furniture,Bookcases,Debit Card
B-25940,55,4,2.0,Clothing,Stole,Cod
B-25766,220,-19,2.0,Clothing,Saree,Debit Card
B-25935,150,32,3.0,Clothing,Hankerchief,Cod
B-25970,203,84,2.0,Electronics,Printers,Upi
B-26053,93,31,3.0,Electronics,Accessories,Upi
B-25947,290,35,6.0,Clothing,Hankerchief,Cod
B-25856,48,6,1.0,Clothing,Saree,Cod
B-26030,221,35,4.0,Electronics,Accessories,Debit Card
B-26069,55,18,2.0,Clothing,Kurti,Cod
B-25653,227,102,8.0,Electronics,Accessories,Debit Card
B-25627,55,-39,4.0,Clothing,Stole,Cod
B-25947,207,33,2.0,Electronics,Accessories,Upi
B-25801,64,6,4.0,Clothing,Saree,Cod
B-25964,89,6,5.0,Clothing,Saree,Cod
B-25950,54,27,2.0,Clothing,Stole,Cod
B-25878,84,41,3.0,Clothing,T-Shirt,Credit Card
B-25773,209,-21,2.0,Electronics,Electronic Games,Upi
B-26081,79,33,4.0,Clothing,Stole,Upi
B-26027,54,8,4.0,Clothing,T-Shirt,Cod
B-25967,229,59,9.0,Clothing,Saree,Debit Card
B-25901,158,38,3.0,Clothing,Hankerchief,Upi
B-25951,248,105,2.0,Electronics,Phones,Debit Card
B-25853,199,6,2.0,Clothing,Saree,Upi
B-25923,253,-11,1.0,Clothing,Trousers,Debit Card
B-25793,257,-87,4.0,Clothing,Saree,Debit Card
B-26068,193,33,5.0,Electronics,Accessories,Cod
B-26080,109,35,6.0,Clothing,T-Shirt,Cod
B-25843,214,30,3.0,Electronics,Accessories,Cod
B-26002,141,7,7.0,Clothing,Saree,Cod
B-25993,201,32,4.0,Furniture,Furnishings,Upi
B-26070,54,12,4.0,Clothing,Shirt,Cod
B-25887,83,6,6.0,Clothing,Shirt,Emi
B-25654,54,-3,3.0,Clothing,Saree,Cod
B-25898,53,5,3.0,Clothing,T-Shirt,Cod
B-25664,258,-27,2.0,Electronics,Phones,Debit Card
B-26012,199,8,2.0,Clothing,Saree,Cod
B-25979,82,-27,3.0,Clothing,Kurti,Emi
B-26054,139,36,3.0,Clothing,Stole,Cod
B-25757,53,15,2.0,Clothing,Stole,Cod
B-25623,53,1,4.0,Clothing,Stole,Cod
B-25824,101,38,2.0,Furniture,Furnishings,Cod
B-25754,262,113,2.0,Electronics,Printers,Debit Card
B-25693,82,-39,5.0,Clothing,T-Shirt,Emi
B-25638,154,39,3.0,Clothing,Hankerchief,Cod
B-25922,52,18,2.0,Clothing,Stole,Cod
B-25919,744,37,6.0,Electronics,Electronic Games,Upi
B-25989,338,41,7.0,Clothing,Hankerchief,Upi
B-25999,51,-49,2.0,Electronics,Electronic Games,Cod
B-25661,224,-81,3.0,Furniture,Chairs,Cod
B-26099,207,37,4.0,Clothing,Hankerchief,Cod
B-25866,51,14,2.0,Clothing,Stole,Cod
B-26098,82,8,3.0,Electronics,Accessories,Emi
B-26062,50,-17,2.0,Clothing,Stole,Cod
B-25761,263,-31,9.0,Electronics,Electronic Games,Debit Card
B-25843,50,7,6.0,Clothing,Skirt,Cod
B-25683,245,-3,4.0,Electronics,Phones,Upi
B-25959,82,24,6.0,Clothing,Hankerchief,Emi
B-25787,229,-41,8.0,Electronics,Accessories,Cod
B-25951,50,14,1.0,Electronics,Electronic Games,Cod
B-26056,220,40,2.0,Electronics,Accessories,Cod
B-25643,263,-63,2.0,Electronics,Electronic Games,Debit Card
B-26093,81,-41,5.0,Clothing,Leggings,Emi
B-25775,50,-17,2.0,Clothing,Stole,Cod
B-26093,49,5,4.0,Clothing,Hankerchief,Cod
B-25851,237,47,9.0,Clothing,T-Shirt,Upi
B-25685,264,-30,3.0,Furniture,Furnishings,Debit Card
B-25651,49,3,1.0,Clothing,Shirt,Cod
B-25793,63,-24,6.0,Clothing,Kurti,Cod
B-25708,81,-51,7.0,Clothing,Stole,Emi
B-25847,264,71,9.5,Furniture,Furnishings,Debit Card
B-25954,48,11,2.0,Clothing,Shirt,Cod
B-25997,48,15,1.0,Clothing,Hankerchief,Cod
B-25650,245,-78,2.0,Electronics,Printers,Upi
B-25883,146,42,5.0,Clothing,Hankerchief,Upi
B-25945,245,10,2.0,Furniture,Bookcases,Cod
B-25981,245,91,2.0,Furniture,Bookcases,Upi
B-25862,80,3,3.0,Clothing,Stole,Emi
B-25877,269,33,5.0,Furniture,Chairs,Debit Card
B-26090,80,22,3.0,Clothing,Stole,Emi
B-26050,284,44,6.0,Clothing,Hankerchief,Cod
B-26072,313,44,3.0,Electronics,Electronic Games,Cod
B-25916,80,-26,9.0,Clothing,Skirt,Emi
B-25722,48,-8,8.0,Clothing,Stole,Cod
B-25746,87,16,2.0,Clothing,Saree,Upi
B-25753,47,-87,5.0,Furniture,Furnishings,Cod
B-25956,140,28,2.0,Electronics,Phones,Cod
B-25996,47,1,2.0,Clothing,Stole,Cod
B-25896,79,-2,2.0,Furniture,Furnishings,Emi
B-25796,78,-64,7.0,Clothing,Stole,Emi
B-25798,47,-3,2.0,Clothing,Stole,Cod
B-26043,185,48,4.0,Clothing,Stole,Upi
B-26028,77,36,2.0,Clothing,Shirt,Emi
B-25812,259,47,5.0,Clothing,Hankerchief,Upi
B-25605,75,0,7.0,Clothing,Saree,Emi
B-25702,75,0,3.0,Clothing,Shirt,Emi
B-25940,46,0,4.0,Clothing,Leggings,Cod
B-26087,46,13,3.0,Clothing,Hankerchief,Cod
B-25955,200,13,5.0,Electronics,Phones,Cod
B-25626,46,-14,1.0,Electronics,Phones,Cod
B-25811,126,52,4.0,Clothing,Hankerchief,Upi
B-25856,74,29,3.0,Clothing,Stole,Emi
B-25628,45,13,4.0,Clothing,Skirt,Cod
B-26016,74,9,3.0,Clothing,Shirt,Upi
B-25999,129,11,2.0,Electronics,Phones,Upi
B-26043,122,50,7.0,Clothing,Stole,Upi
B-25743,74,-51,3.0,Clothing,Stole,Upi
B-26014,278,39,5.0,Furniture,Chairs,Debit Card
B-25876,282,14,4.0,Clothing,Trousers,Debit Card
B-25785,45,0,2.0,Clothing,T-Shirt,Cod
B-25810,45,6,3.0,Clothing,Shirt,Cod
B-25833,45,16,3.0,Clothing,Stole,Cod
B-25931,73,-36,3.0,Furniture,Chairs,Upi
B-25852,45,12,4.0,Clothing,Hankerchief,Cod
B-25738,72,-6,3.0,Clothing,Saree,Upi
B-25921,71,-44,5.0,Electronics,Accessories,Upi
B-25685,45,-2,4.0,Clothing,Shirt,Cod
B-25996,286,113,6.0,Clothing,Shirt,Debit Card
B-25663,294,113,2.0,Electronics,Printers,Debit Card
B-25888,223,4,3.0,Electronics,Phones,Cod
B-25677,20,-2,1.0,Electronics,Accessories,Upi
B-26045,302,75,6.0,Furniture,Furnishings,Debit Card
B-26002,113,28,2.0,Clothing,Saree,Upi
B-25953,44,2,3.0,Clothing,Hankerchief,Cod
B-25617,305,-87,5.0,Electronics,Electronic Games,Debit Card
B-25702,306,-87,3.0,Clothing,Saree,Debit Card
B-25799,70,-64,5.0,Clothing,Stole,Upi
B-25985,44,11,4.0,Clothing,Stole,Cod
B-25952,44,14,3.0,Clothing,Hankerchief,Cod
B-25754,319,113,5.0,Clothing,Saree,Debit Card
B-25770,287,-87,9.5,Furniture,Chairs,Upi
B-25954,44,10,3.0,Clothing,Stole,Cod
B-25657,288,-87,4.0,Furniture,Chairs,Cod
B-25801,49,-31,2.0,Clothing,Stole,Cod
B-26000,43,-10,4.0,Clothing,Skirt,Cod
B-25897,43,5,3.0,Clothing,Stole,Cod
B-25681,68,-27,3.0,Electronics,Accessories,Upi
B-25852,320,113,1.0,Electronics,Printers,Debit Card
B-26067,67,2,4.0,Clothing,T-Shirt,Upi
B-25601,66,-12,5.0,Clothing,Stole,Upi
B-25804,321,26,3.0,Electronics,Printers,Debit Card
B-25751,43,-5,2.0,Clothing,Saree,Cod
B-25630,114,-39,5.0,Clothing,Kurti,Cod
B-25899,43,17,1.0,Clothing,Saree,Cod
B-25751,43,21,3.0,Clothing,Shirt,Cod
B-26081,637,50,5.0,Clothing,Saree,Cod
B-25851,300,42,2.0,Electronics,Printers,Cod
B-26036,341,44,7.0,Furniture,Furnishings,Upi
B-25704,102,0,3.0,Electronics,Phones,Cod
B-25761,328,-15,3.0,Electronics,Electronic Games,Debit Card
B-25978,341,113,7.0,Clothing,Stole,Debit Card
B-26077,62,11,7.0,Clothing,Hankerchief,Upi
B-25981,42,13,3.0,Clothing,Leggings,Cod
B-26043,62,28,5.0,Clothing,Hankerchief,Upi
B-25896,42,7,2.0,Clothing,Kurti,Cod
B-25790,42,-3,1.0,Electronics,Electronic Games,Cod
B-25789,313,-13,5.0,Furniture,Bookcases,Upi
B-26061,109,52,2.0,Clothing,Stole,Upi
B-25923,226,58,3.0,Electronics,Accessories,Cod
B-25868,62,-1,1.0,Electronics,Phones,Upi
B-25777,61,-25,4.0,Electronics,Accessories,Upi
B-25999,222,74,5.0,Clothing,Hankerchief,Cod
B-25854,342,-87,7.0,Furniture,Furnishings,Debit Card
B-25667,344,-34,3.0,Clothing,Saree,Debit Card
B-25829,345,38,7.0,Clothing,Hankerchief,Debit Card
B-25705,46,0,2.0,Electronics,Electronic Games,Cod
B-25843,255,74,5.0,Clothing,Hankerchief,Cod
B-25958,360,32,3.0,Clothing,Saree,Upi
B-25893,372,59,3.0,Electronics,Printers,Upi
B-25855,61,30,2.0,Clothing,Hankerchief,Upi
B-25616,42,12,5.0,Clothing,Hankerchief,Cod
B-25630,42,-26,2.0,Clothing,Kurti,Cod
B-25936,61,25,4.0,Clothing,Saree,Upi
B-25830,41,11,6.0,Clothing,Hankerchief,Cod
B-25930,40,13,3.0,Clothing,T-Shirt,Cod
B-25808,59,21,2.0,Clothing,Stole,Upi
B-25979,57,27,2.0,Clothing,Shirt,Upi
B-25687,17,6,1.0,Clothing,Stole,Upi
B-26087,40,10,2.0,Clothing,Stole,Cod
B-25764,349,-24,2.0,Clothing,Saree,Debit Card
B-25782,335,-22,7.0,Furniture,Chairs,Upi
B-25854,40,16,3.0,Clothing,Hankerchief,Cod
B-26085,40,17,2.0,Clothing,Stole,Cod
B-25630,40,-7,3.0,Clothing,Stole,Cod
B-25999,352,74,8.0,Clothing,Stole,Debit Card
B-25648,55,-26,4.0,Clothing,Saree,Upi
B-25952,352,18,5.0,Clothing,Trousers,Debit Card
B-25710,53,-18,4.0,Clothing,T-Shirt,Upi
B-25685,51,7,2.0,Furniture,Furnishings,Upi
B-25740,40,-37,3.0,Clothing,Stole,Cod
B-25973,39,14,5.0,Clothing,Leggings,Cod
B-25769,355,-4,2.0,Clothing,Saree,Debit Card
B-25687,357,113,2.0,Clothing,Saree,Debit Card
B-25603,38,18,1.0,Clothing,Kurti,Cod
B-26050,38,9,2.0,Clothing,Stole,Cod
B-25748,141,10,4.0,Clothing,Shirt,Upi
B-25833,36,4,9.0,Clothing,Hankerchief,Cod
B-25930,351,-87,5.0,Electronics,Electronic Games,Cod
B-26035,369,15,3.0,Electronics,Electronic Games,Debit Card
B-25851,53,24,6.0,Clothing,Hankerchief,Emi
B-25718,371,113,1.0,Furniture,Bookcases,Debit Card
B-25898,499,33,4.0,Clothing,Saree,Cod
B-25893,223,62,7.0,Clothing,Shirt,Cod
B-25983,50,-4,6.0,Clothing,T-Shirt,Emi
B-26056,391,90,6.0,Electronics,Phones,Debit Card
B-25715,416,113,3.0,Electronics,Phones,Debit Card
B-25702,424,-17,9.0,Furniture,Chairs,Debit Card
B-25618,362,113,1.0,Furniture,Bookcases,Cod
B-25643,36,-7,1.0,Electronics,Electronic Games,Cod
B-25961,34,-10,3.0,Clothing,Skirt,Cod
B-25873,367,73,3.0,Electronics,Electronic Games,Upi
B-26053,425,113,7.0,Clothing,Saree,Debit Card
B-25683,433,26,3.0,Electronics,Printers,Debit Card
B-25718,460,31,3.0,Furniture,Bookcases,Debit Card
B-25753,62,-56,5.0,Clothing,Kurti,Cod
B-25852,50,16,1.0,Clothing,Stole,Emi
B-25914,460,-87,3.0,Furniture,Chairs,Debit Card
B-26083,34,3,3.0,Clothing,Saree,Cod
B-25857,227,59,2.0,Furniture,Furnishings,Upi
B-25939,469,33,4.0,Electronics,Electronic Games,Debit Card
B-25851,103,46,2.0,Clothing,Saree,Upi
B-25699,34,-13,5.0,Clothing,Leggings,Cod
B-26078,137,63,3.0,Clothing,Stole,Cod
B-26075,34,12,2.0,Clothing,Stole,Cod
B-25956,474,56,4.0,Electronics,Phones,Debit Card
B-25861,50,3,2.0,Clothing,Stole,Emi
B-25777,69,-67,4.0,Clothing,Kurti,Upi
B-25634,389,-83,3.0,Furniture,Chairs,Upi
B-25753,77,-43,8.0,Clothing,Stole,Cod
B-25687,51,21,3.0,Clothing,T-Shirt,Cod
B-25885,394,113,2.0,Furniture,Bookcases,Upi
B-25767,48,-22,2.0,Clothing,Saree,Emi
B-25961,34,-12,5.0,Clothing,Leggings,Cod
B-25923,484,28,3.0,Electronics,Printers,Debit Card
B-25799,47,-27,4.0,Clothing,Saree,Emi
B-25955,45,8,4.0,Clothing,Skirt,Emi
B-26015,128,55,1.0,Clothing,Saree,Cod
B-26051,669,74,5.0,Furniture,Bookcases,Cod
B-25822,34,13,2.0,Clothing,Saree,Cod
B-25989,44,14,3.0,Clothing,Hankerchief,Credit Card
B-25910,33,1,2.0,Clothing,Shirt,Cod
B-25956,33,10,3.0,Clothing,Hankerchief,Cod
B-25986,487,-23,3.0,Electronics,Printers,Debit Card
B-26098,497,113,3.0,Furniture,Chairs,Debit Card
B-26061,508,113,2.0,Electronics,Accessories,Debit Card
B-25954,524,-25,2.0,Electronics,Electronic Games,Debit Card
B-26034,425,113,5.0,Electronics,Accessories,Upi
B-25909,168,56,3.0,Clothing,Saree,Cod
B-25692,141,28,7.0,Furniture,Furnishings,Upi
B-25959,429,17,3.0,Furniture,Chairs,Upi
B-25745,44,-8,3.0,Clothing,Stole,Credit Card
B-25689,149,113,3.0,Clothing,Stole,Upi
B-25786,44,-34,3.0,Clothing,Stole,Credit Card
B-25897,33,10,3.0,Clothing,Hankerchief,Cod
B-26056,33,9,2.0,Clothing,Hankerchief,Cod
B-25855,442,31,2.0,Electronics,Electronic Games,Upi
B-25667,41,6,5.0,Clothing,Skirt,Credit Card
B-25701,33,-12,5.0,Clothing,Hankerchief,Cod
B-26046,32,3,8.0,Clothing,Hankerchief,Cod
B-25676,32,6,3.0,Clothing,Shirt,Cod
B-26045,179,77,1.0,Clothing,Saree,Upi
B-25889,31,10,1.0,Clothing,Kurti,Cod
B-25900,140,68,5.0,Clothing,T-Shirt,Cod
B-25685,529,113,3.0,Electronics,Phones,Debit Card
B-25622,534,0,3.0,Clothing,Saree,Debit Card
B-25709,41,-6,1.0,Furniture,Chairs,Credit Card
B-25798,379,63,2.0,Clothing,Saree,Cod
B-25933,81,-44,3.0,Clothing,Stole,Cod
B-25793,40,-33,5.0,Clothing,Hankerchief,Credit Card
B-25951,40,18,1.0,Electronics,Accessories,Credit Card
B-25656,534,0,3.0,Clothing,Saree,Debit Card
B-26056,31,9,2.0,Clothing,Hankerchief,Cod
B-25870,473,-87,9.0,Clothing,Hankerchief,Upi
B-25690,31,-10,3.0,Clothing,Skirt,Cod
B-25702,31,-3,4.0,Clothing,Saree,Cod
B-25752,91,15,6.0,Clothing,T-Shirt,Upi
B-25781,30,-25,2.0,Clothing,T-Shirt,Cod
B-26038,30,6,1.0,Clothing,T-Shirt,Cod
B-25761,40,0,3.0,Clothing,Saree,Credit Card
B-25751,534,5,2.0,Electronics,Electronic Games,Debit Card
B-25750,539,-87,7.0,Furniture,Furnishings,Debit Card
B-25726,490,-87,8.0,Furniture,Bookcases,Upi
B-26048,163,81,2.0,Electronics,Accessories,Cod
B-26051,184,85,6.0,Clothing,T-Shirt,Upi
B-25614,494,54,4.0,Furniture,Bookcases,Cod
B-25907,30,11,5.0,Clothing,Hankerchief,Cod
B-25789,30,0,1.0,Clothing,Kurti,Cod
B-26097,39,-18,2.0,Clothing,Leggings,Credit Card
B-25902,744,85,3.0,Clothing,Trousers,Cod
B-25657,332,-43,6.0,Electronics,Phones,Upi
B-25854,436,113,9.0,Clothing,Hankerchief,Upi
B-25610,30,-5,2.0,Furniture,Furnishings,Cod
B-25733,30,-10,2.0,Clothing,Stole,Cod
B-25798,38,-13,3.0,Clothing,Stole,Credit Card
B-25803,511,113,3.0,Furniture,Chairs,Upi
B-25755,37,-53,3.0,Clothing,Saree,Credit Card
B-25850,513,113,2.0,Electronics,Accessories,Cod
B-25667,516,69,4.0,Furniture,Bookcases,Upi
B-25796,559,-19,2.0,Clothing,Trousers,Debit Card
B-26013,29,-10,3.0,Clothing,Skirt,Cod
B-25683,148,52,5.0,Clothing,Stole,Upi
B-26054,559,-87,2.0,Electronics,Electronic Games,Debit Card
B-26010,527,26,3.0,Electronics,Electronic Games,Cod
B-25979,560,44,3.0,Clothing,Saree,Debit Card
B-25973,571,108,9.5,Clothing,Stole,Debit Card
B-25975,29,2,3.0,Clothing,Skirt,Cod
B-26010,29,3,2.0,Clothing,Stole,Cod
B-25767,29,-3,3.0,Clothing,Saree,Cod
B-25815,35,14,2.0,Clothing,Stole,Credit Card
B-25853,579,113,3.0,Electronics,Printers,Debit Card
B-25756,29,-24,4.0,Clothing,Leggings,Cod
B-25755,593,113,4.0,Furniture,Bookcases,Debit Card
B-25996,217,72,2.0,Furniture,Furnishings,Cod
B-25619,353,90,8.0,Clothing,Saree,Cod
B-26050,382,92,2.0,Electronics,Printers,Cod
B-26000,597,93,4.0,Furniture,Chairs,Debit Card
B-26058,212,97,7.0,Clothing,Hankerchief,Cod
B-25856,689,90,5.0,Clothing,Saree,Cod
B-26044,28,-10,3.0,Clothing,Skirt,Cod
B-25654,34,12,3.0,Clothing,Hankerchief,Credit Card
B-26051,600,-87,5.0,Electronics,Electronic Games,Debit Card
B-25636,637,113,5.0,Clothing,Saree,Upi
B-25710,616,-69,7.0,Furniture,Furnishings,Debit Card
B-25656,624,37,2.0,Electronics,Electronic Games,Debit Card
B-25919,28,4,1.0,Clothing,T-Shirt,Cod
B-25781,584,-87,7.0,Electronics,Printers,Upi
B-25899,28,6,4.0,Clothing,Skirt,Cod
B-26093,33,-1,1.0,Clothing,Saree,Credit Card
B-25753,27,-20,2.0,Clothing,Hankerchief,Cod
B-25858,27,5,2.0,Clothing,Skirt,Cod
B-25762,27,4,3.0,Clothing,Skirt,Cod
B-25625,635,-87,5.0,Clothing,Saree,Debit Card
B-25857,598,113,4.0,Furniture,Bookcases,Upi
B-25919,636,-87,2.0,Electronics,Printers,Debit Card
B-25864,27,9,2.0,Clothing,Hankerchief,Cod
B-25698,27,-6,4.0,Clothing,Hankerchief,Cod
B-25959,637,113,8.0,Electronics,Phones,Debit Card
B-26073,290,110,9.0,Clothing,Stole,Upi
B-25649,27,-25,2.0,Clothing,Stole,Cod
B-25806,632,-87,4.0,Furniture,Tables,Upi
B-25756,643,-45,2.0,Electronics,Printers,Debit Card
B-26003,652,13,6.0,Furniture,Furnishings,Debit Card
B-25752,33,-27,1.0,Furniture,Chairs,Credit Card
B-25783,26,2,2.0,Clothing,Hankerchief,Cod
B-25802,633,-87,9.5,Electronics,Accessories,Upi
B-25881,26,9,2.0,Clothing,Leggings,Cod
B-25898,191,93,4.0,Clothing,Shirt,Upi
B-25696,744,80,3.0,Electronics,Printers,Upi
B-25826,637,113,2.0,Electronics,Printers,Cod
B-25745,670,15,5.0,Furniture,Bookcases,Debit Card
B-25943,26,7,4.0,Clothing,Hankerchief,Cod
B-26051,676,113,5.0,Furniture,Bookcases,Debit Card
B-25624,26,12,3.0,Clothing,Hankerchief,Cod
B-25723,26,-24,1.0,Clothing,Stole,Cod
B-26052,25,7,2.0,Clothing,Stole,Cod
B-25603,24,-30,1.0,Furniture,Chairs,Cod
B-25983,32,-12,1.0,Furniture,Chairs,Credit Card
B-25650,31,-2,2.0,Clothing,Saree,Credit Card
B-25656,651,113,5.0,Electronics,Printers,Cod
B-26018,326,107,3.0,Furniture,Furnishings,Upi
B-25783,30,-6,2.0,Clothing,Hankerchief,Upi
B-25951,30,5,2.0,Clothing,Kurti,Upi
B-25974,662,113,2.0,Furniture,Bookcases,Cod
B-25754,30,-23,2.0,Clothing,Saree,Upi
B-26073,29,9,3.0,Clothing,Saree,Upi
B-25796,28,1,1.0,Electronics,Accessories,Upi
B-25653,28,-3,2.0,Clothing,Saree,Upi
B-25884,24,2,4.0,Clothing,Hankerchief,Cod
B-25650,28,-26,2.0,Clothing,Stole,Upi
B-26045,27,5,1.0,Clothing,Stole,Upi
B-25672,27,-15,1.0,Clothing,Stole,Upi
B-25949,24,11,3.0,Clothing,Hankerchief,Cod
B-25733,23,-6,4.0,Clothing,Hankerchief,Cod
B-25697,322,113,5.0,Electronics,Printers,Cod
B-25893,688,-87,6.0,Electronics,Accessories,Debit Card
B-25802,23,-3,1.0,Clothing,Shirt,Cod
B-25961,26,3,3.0,Clothing,Skirt,Upi
B-25751,68,-56,2.0,Electronics,Phones,Cod
B-25814,462,113,4.0,Clothing,Saree,Cod
B-25702,744,113,3.0,Furniture,Tables,Upi
B-25896,23,4,2.0,Clothing,Skirt,Cod
B-25969,720,43,2.0,Electronics,Printers,Upi
B-25778,724,-87,4.0,Electronics,Electronic Games,Upi
B-25859,724,113,2.0,Furniture,Bookcases,Upi
B-25810,26,10,4.0,Clothing,Hankerchief,Upi
B-25616,22,-2,3.0,Clothing,Hankerchief,Cod
B-25633,711,-8,4.0,Clothing,Saree,Debit Card
B-25753,107,31,5.0,Clothing,T-Shirt,Cod
B-25764,744,-87,2.0,Electronics,Phones,Debit Card
B-25864,22,8,2.0,Clothing,Leggings,Cod
B-25725,26,-5,2.0,Clothing,Stole,Upi
B-25858,22,8,3.0,Clothing,Hankerchief,Cod
B-25817,743,89,5.0,Electronics,Printers,Upi
B-25703,22,-15,4.0,Clothing,Kurti,Cod
B-25610,744,113,6.0,Electronics,Printers,Debit Card
B-25652,25,-2,5.0,Clothing,Hankerchief,Upi
B-25891,25,2,2.0,Clothing,Hankerchief,Upi
B-25764,119,43,5.0,Clothing,T-Shirt,Cod
B-25664,744,52,2.0,Electronics,Phones,Debit Card
B-25645,183,-66,5.0,Electronics,Phones,Upi
B-26008,22,4,1.0,Clothing,Stole,Cod
B-26061,642,113,5.0,Clothing,Saree,Cod
B-25781,744,-87,5.0,Clothing,Trousers,Cod
B-25999,744,113,3.0,Electronics,Accessories,Cod
B-25783,21,-17,3.0,Clothing,Shirt,Cod
B-25800,21,-6,3.0,Clothing,Leggings,Cod
B-26093,492,113,2.0,Electronics,Accessories,Upi
B-25638,744,-87,3.0,Electronics,Printers,Debit Card
B-26026,25,2,3.0,Clothing,Kurti,Credit Card
B-25902,744,113,7.0,Electronics,Accessories,Cod
B-25968,744,113,7.0,Electronics,Accessories,Upi
B-26099,744,113,5.0,Electronics,Phones,Debit Card
B-25699,21,-5,1.0,Electronics,Accessories,Cod
B-26076,450,-87,4.0,Furniture,Bookcases,Cod
B-25793,24,-1,4.0,Clothing,Skirt,Credit Card
B-25671,744,0,3.0,Clothing,Trousers,Upi
B-26040,744,93,3.0,Clothing,Trousers,Upi
B-26059,20,6,1.0,Clothing,T-Shirt,Cod
B-25725,23,-5,7.0,Clothing,Hankerchief,Credit Card
B-25855,550,-87,5.0,Furniture,Furnishings,Upi
B-25738,148,-87,2.0,Electronics,Phones,Cod
B-25899,744,9,2.0,Furniture,Chairs,Debit Card
B-25608,744,113,6.0,Electronics,Printers,Cod
B-25904,744,113,2.0,Furniture,Bookcases,Upi
B-26056,19,-18,4.0,Clothing,Kurti,Cod
B-25669,610,-66,2.0,Furniture,Tables,Cod
B-25638,744,97,8.0,Furniture,Furnishings,Debit Card
B-25953,22,-8,4.0,Clothing,Hankerchief,Credit Card
B-25841,22,11,2.0,Clothing,Skirt,Credit Card
B-26071,21,4,3.0,Clothing,Hankerchief,Credit Card
B-25793,18,1,3.0,Clothing,Hankerchief,Cod
B-25813,744,113,7.0,Furniture,Chairs,Cod
B-26010,18,2,3.0,Clothing,Hankerchief,Cod
B-25825,744,113,5.0,Electronics,Phones,Debit Card
B-25630,143,-87,2.0,Electronics,Phones,Cod
B-25986,744,22,9.0,Electronics,Electronic Games,Cod
B-25650,744,-87,5.0,Electronics,Electronic Games,Cod
B-26078,17,8,2.0,Clothing,Skirt,Cod
B-25890,465,113,9.0,Clothing,Saree,Cod
B-25691,17,-9,3.0,Clothing,Stole,Cod
B-25952,744,113,4.0,Electronics,Electronic Games,Upi
B-25651,16,-10,2.0,Clothing,T-Shirt,Cod
B-25955,744,95,3.0,Electronics,Printers,Upi
B-25898,744,-87,3.0,Furniture,Tables,Debit Card
B-25838,744,113,3.0,Electronics,Printers,Debit Card
B-25797,744,113,4.0,Electronics,Accessories,Cod
B-25738,744,0,6.0,Clothing,Saree,Emi
B-25661,19,-15,3.0,Clothing,Hankerchief,Credit Card
B-25997,16,6,3.0,Clothing,Hankerchief,Cod
B-25667,744,113,8.0,Electronics,Printers,Upi
B-25753,620,82,6.0,Electronics,Accessories,Cod
B-25848,16,8,2.0,Clothing,Hankerchief,Cod
B-26097,19,8,2.0,Clothing,Hankerchief,Credit Card
B-25633,249,-87,4.0,Electronics,Phones,Upi
B-25807,16,6,1.0,Clothing,Stole,Cod
B-25752,744,113,9.0,Furniture,Bookcases,Cod
B-26052,15,1,1.0,Clothing,Shirt,Cod
B-25610,744,-38,4.0,Electronics,Printers,Cod
B-25888,18,2,3.0,Clothing,Hankerchief,Credit Card
B-25937,744,113,3.0,Furniture,Bookcases,Upi
B-25828,15,2,1.0,Clothing,Leggings,Cod
B-26048,744,113,4.0,Clothing,Trousers,Upi
B-25670,14,2,1.0,Clothing,Hankerchief,Cod
B-25757,14,5,1.0,Clothing,Hankerchief,Cod
B-25751,14,-3,2.0,Clothing,Leggings,Cod
B-25687,14,-1,4.0,Clothing,Kurti,Cod
B-25710,13,-8,1.0,Clothing,T-Shirt,Cod
B-25656,13,-1,3.0,Clothing,Hankerchief,Cod
B-25601,744,113,7.0,Furniture,Bookcases,Emi
B-26053,17,1,2.0,Clothing,Skirt,Credit Card
B-26001,13,0,2.0,Clothing,Hankerchief,Cod
B-25964,744,113,9.5,Electronics,Electronic Games,Emi
B-26062,13,-2,1.0,Clothing,Stole,Cod
B-25982,13,3,1.0,Clothing,Leggings,Cod
B-25864,17,5,1.0,Clothing,Hankerchief,Upi
B-25693,13,-13,2.0,Clothing,Skirt,Cod
B-25802,13,-9,2.0,Clothing,Skirt,Cod
B-25676,744,-56,5.0,Clothing,Trousers,Emi
B-25639,744,-87,3.0,Electronics,Phones,Cod
B-25757,17,7,3.0,Clothing,Hankerchief,Upi
B-26003,17,2,2.0,Clothing,Skirt,Upi
B-26055,744,-12,2.0,Electronics,Printers,Emi
B-25786,17,-11,3.0,Clothing,Skirt,Upi
B-25919,744,-87,7.0,Electronics,Phones,Cod
B-25894,744,62,3.0,Furniture,Bookcases,Emi
B-25979,12,1,2.0,Clothing,Hankerchief,Cod
B-25651,11,-4,2.0,Clothing,Skirt,Cod
B-25653,744,113,8.0,Furniture,Chairs,Emi
B-25855,744,113,5.0,Electronics,Printers,Cod
B-25793,744,109,9.5,Clothing,Saree,Emi
B-26073,744,113,4.0,Electronics,Printers,Emi
B-25881,744,111,6.0,Electronics,Electronic Games,Cod
B-25603,744,-60,5.0,Clothing,Trousers,Cod
B-25851,10,2,2.0,Clothing,Hankerchief,Cod
B-25883,10,-2,2.0,Clothing,Leggings,Cod
B-25768,744,-87,6.0,Clothing,Trousers,Emi
B-25953,744,113,9.0,Furniture,Bookcases,Emi
B-25755,321,113,5.0,Clothing,Saree,Upi
B-26057,736,113,5.0,Electronics,Printers,Cod
B-26055,744,-87,8.0,Furniture,Bookcases,Cod
B-25855,744,113,8.0,Clothing,Saree,Cod
B-25989,10,5,1.0,Clothing,Stole,Cod
B-26099,744,113,5.0,Clothing,Trousers,Upi
B-25652,9,-6,2.0,Clothing,Hankerchief,Cod
B-25723,16,-12,2.0,Clothing,Stole,Upi
B-26099,9,3,1.0,Clothing,Skirt,Cod
B-25629,744,113,3.0,Clothing,Trousers,Cod
B-25877,744,113,2.0,Clothing,Trousers,Emi
B-25767,9,-9,2.0,Clothing,Kurti,Cod
B-25735,15,-7,1.0,Clothing,Hankerchief,Upi
B-26097,14,5,1.0,Clothing,Hankerchief,Upi
B-26070,14,7,2.0,Clothing,Hankerchief,Upi
B-25752,8,-2,2.0,Clothing,Hankerchief,Cod
B-25656,744,113,7.0,Clothing,Saree,Cod
B-25748,8,-1,2.0,Clothing,Leggings,Cod
B-25758,8,-2,1.0,Clothing,Stole,Cod
B-25950,13,4,1.0,Clothing,Leggings,Upi
B-25707,8,-6,1.0,Clothing,Stole,Cod
B-25909,12,2,2.0,Clothing,Skirt,Credit Card
B-25955,744,113,7.0,Electronics,Accessories,Cod
B-26023,744,113,9.5,Furniture,Bookcases,Emi
B-25655,9,-6,2.0,Clothing,Skirt,Credit Card
B-25686,332,113,3.0,Electronics,Printers,Cod
B-25655,7,-4,3.0,Clothing,Hankerchief,Cod
B-25601,8,-2,3.0,Clothing,Hankerchief,Credit Card
B-25862,744,113,5.0,Furniture,Bookcases,Upi
B-25626,744,113,3.0,Furniture,Chairs,Emi
B-25823,744,113,8.0,Electronics,Electronic Games,Upi
B-25881,744,23,5.0,Furniture,Chairs,Cod
B-25910,744,-87,5.0,Electronics,Electronic Games,Cod
B-25830,744,64,7.0,Electronics,Phones,Emi
B-25978,744,-87,4.0,Electronics,Electronic Games,Emi
B-25997,744,113,7.0,Furniture,Bookcases,Cod
B-25661,7,-1,2.0,Clothing,Hankerchief,Credit Card
B-25969,744,113,7.0,Furniture,Bookcases,Upi
B-25858,744,113,9.5,Electronics,Electronic Games,Emi
B-25697,4,-3,1.0,Clothing,Skirt,Credit Card
B-25798,744,-87,9.5,Furniture,Bookcases,Emi
B-25873,7,1,1.0,Clothing,Hankerchief,Cod
B-25740,7,0,2.0,Clothing,Skirt,Cod
B-25700,7,-3,2.0,Clothing,Hankerchief,Cod
B-25757,744,-35,7.0,Clothing,Trousers,Emi
B-25973,744,113,9.5,Electronics,Printers,Cod
B-25698,7,-2,1.0,Clothing,Hankerchief,Cod
B-25993,744,113,5.0,Furniture,Tables,Emi
